{
    "bounds": {
        "topLeft": [47.643854,-122.308841],
        "bottomRight": [47.640853,-122.303558]
    }
}